{"cameraMode":{"drawMode":0,"name":"Shaded","section":"Shading Mode"},"sceneLighting":true,"audioPlay":false,"sceneViewState":{"showFog":true,"showMaterialUpdate":false,"showSkybox":true,"showFlares":true,"showImageEffects":true,"showParticleSystems":true},"in2DMode":false,"pivot":{"x":82.91456604003906,"y":38.50489807128906,"z":12.455888748168946},"rotation":{"x":-0.11418484151363373,"y":0.8229828476905823,"z":-0.1782618761062622,"w":-0.5271564722061157},"size":24.914674758911134,"orthographic":false}