{"cameraMode":{"drawMode":0,"name":"Shaded","section":"Shading Mode"},"sceneLighting":true,"audioPlay":false,"sceneViewState":{"showFog":false,"showMaterialUpdate":false,"showSkybox":true,"showFlares":true,"showImageEffects":true,"showParticleSystems":true},"in2DMode":false,"pivot":{"x":1.7575428485870362,"y":-1.2827415466308594,"z":-0.20849648118019105},"rotation":{"x":-0.003181438660249114,"y":0.8970026969909668,"z":-0.44197461009025576,"w":-0.006457374431192875},"size":6.140078544616699,"orthographic":false}