{"cameraMode":{"drawMode":0,"name":"Shaded","section":"Shading Mode"},"sceneLighting":true,"audioPlay":false,"sceneViewState":{"showFog":true,"showMaterialUpdate":false,"showSkybox":true,"showFlares":true,"showImageEffects":true,"showParticleSystems":true},"in2DMode":false,"pivot":{"x":15.16905689239502,"y":-1.9373672008514405,"z":13.322928428649903},"rotation":{"x":0.07822080701589585,"y":-0.014958016574382782,"z":0.001173987053334713,"w":0.9968244433403015},"size":9.819220542907715,"orthographic":false}