{"cameraMode":{"drawMode":0,"name":"Shaded","section":"Shading Mode"},"sceneLighting":true,"audioPlay":false,"sceneViewState":{"showFog":true,"showMaterialUpdate":false,"showSkybox":true,"showFlares":true,"showImageEffects":true,"showParticleSystems":true},"in2DMode":false,"pivot":{"x":15.825088500976563,"y":-0.4343647062778473,"z":-2.3623383045196535},"rotation":{"x":0.0002134155365638435,"y":0.9929482340812683,"z":-0.11853043735027313,"w":0.0017882338725030423},"size":6.307395935058594,"orthographic":false}