{"cameraMode":{"drawMode":0,"name":"Shaded","section":"Shading Mode"},"sceneLighting":true,"audioPlay":false,"sceneViewState":{"showFog":true,"showMaterialUpdate":false,"showSkybox":true,"showFlares":true,"showImageEffects":true,"showParticleSystems":true},"in2DMode":false,"pivot":{"x":15.93716049194336,"y":-1.846086025238037,"z":2.4364309310913088},"rotation":{"x":-0.1295255571603775,"y":0.013081995770335198,"z":-0.00171201815828681,"w":-0.991499125957489},"size":6.191025733947754,"orthographic":false}