{"cameraMode":{"drawMode":0,"name":"Shaded","section":"Shading Mode"},"sceneLighting":true,"audioPlay":false,"sceneViewState":{"showFog":false,"showMaterialUpdate":false,"showSkybox":true,"showFlares":true,"showImageEffects":true,"showParticleSystems":true},"in2DMode":false,"pivot":{"x":-1.800795078277588,"y":0.6215111017227173,"z":3.7866334915161135},"rotation":{"x":-0.04438324272632599,"y":0.675343930721283,"z":-0.040779683738946918,"w":-0.7350407242774963},"size":3.7639834880828859,"orthographic":false}