{"cameraMode":{"drawMode":0,"name":"Shaded","section":"Shading Mode"},"sceneLighting":true,"audioPlay":false,"sceneViewState":{"showFog":true,"showMaterialUpdate":false,"showSkybox":true,"showFlares":true,"showImageEffects":true,"showParticleSystems":true},"in2DMode":false,"pivot":{"x":0.7300000190734863,"y":3.5999999046325685,"z":9.229999542236329},"rotation":{"x":-0.12286915630102158,"y":0.8659250140190125,"z":-0.2596094310283661,"w":-0.4096530079841614},"size":10.0,"orthographic":true}