{"cameraMode":{"drawMode":0,"name":"Shaded","section":"Shading Mode"},"sceneLighting":true,"audioPlay":false,"sceneViewState":{"showFog":false,"showMaterialUpdate":false,"showSkybox":true,"showFlares":true,"showImageEffects":true,"showParticleSystems":true},"in2DMode":false,"pivot":{"x":9.989999771118164,"y":11.920000076293946,"z":0.5400000214576721},"rotation":{"x":-0.09695018827915192,"y":0.5049736499786377,"z":-0.05720904469490051,"w":-0.8557641506195068},"size":10.0,"orthographic":false}